	댓글번호	댓글내용	답글수	코사인유사도	유클리디언	norm유클	맨해튼	norm맨해
39	40	저는 그랜져HG 2002년식을 타다가 엔진쇼트(엔진하부 교체) 리콜을 받았는데, 그 이후에 엔진 실화(엔진에 점화가 잘 안되는 것)가 발생해서 다시 갔더니... 자신들의 과실이 아니라고 무상수리를 해 주지 않으면서 매우 고압적으로 대하더군요. 어쩔수 없어서 아직도 그냥 타고 있습니다.	2.0	0.049107052906844036	1.3790525349624332	0.057897035287166915	23.062523730670534	0.9682384944690532
2	3	이렇게 자국민 호구로 보는 제조사가 있나?? 그런데도 국산차 사야되고... 현대차 사야 애국자라는 마인드는 대체 뭐여....위에있는 내용 말고도 내외수 차별은 지금 나오는 신차에도 심각한 수준이다.  대체 정부는 뭐하는건지.. 왜 존재하는지 모르겠다	1.0	0.01154259487840336	1.406028026122947	0.060421032733329244	23.091265601012346	0.9922975138553769
29	30	점검을 해서 유상전환 될수 있다면 점검하지말고 찾아내던지..니들이 와서 점검해라..내가 가서 유상수리로 밝혀지면 차량 이동에  따른 타이어 및 차체소모비용과 기름갑도 내놓아라, .니들 통지문에 불들어오면 가야되는것처럼 낚았으니..	0.0	0.015179213221884945	1.403439194819722	0.0608560185604548	22.852496508355845	0.990931389687955
8	9	시간 내서  갔다가  헛탕   이건  좀  아니라고  본다.  주행중  경고등  안  뜨면  해당  안된다고.   사고가  터져야  앗 뜨거  하는   아주  잘못된  기업정신을  가진 기업이라고  생각됨	1.0	0.023853262507269563	1.397244958833439	0.06152660316702586	22.409563444880927	0.986787827361799
0	1	국토부 담당부서, 관련 전문가(대학교수) 들이 다 현대기아차에 기생하는 구조니깐 그렇지 뭐. 전문가들은 연구지원비로 기생하고, 국토부는 문제 해결능력이 없어서 현대차 IR팀에서 불러주는데로 발표하니깐	3.0	0.02938591144298425	1.3932796478503633	0.06164701083183018	22.240638677166245	0.9840586529441252
13	14	미쯔비시 기술제휴로 어깨너머로 배운 기술가지고 누더기 옷처럼 덕지덕지 붙인 미완성 기술이 쌓여온 결과가 작금의 현실이고, 지들도 어디서부터 잘못됐는지 모를거야 ㅋㅋㅋ 그게 더 문제지	0.0	0.0022889379121881484	1.4125941116172123	0.062263969705943285	22.65734581778145	0.9986848182457194
5	6	국내법이 자동차산업 보호한다고 하면서 봐주기식 하고있어서 그럼 문제 있는부분은 리콜해서 강제 규정해야지 국내as는 리콜보다는 대부분 무상수리 권고정도 강제성이 없는 법	0.0	0.017576449547303377	1.401730038525748	0.06263143762464131	22.17092880060134	0.9906309389757283
15	16	대한민국 자동차  업계 독점기업의 배짱장사지     제품에  근본적으로 문제가 있지만  검사해서  이상없으면   비용은  구매자가  구매해야하는것이  정상이냐    에라이   나쁜 시키들아~~	0.0	0.023608274403925787	1.3974202843783772	0.0628015754860622	21.98164364344896	0.9878787849396667
35	36	만일 사실이라면 현대차는 국토부에서 법적조치 해야함..왜냐면 동일 차량 동일 문제 리콜은 국내나 미국 모두 같이 사행하지않으면 처벌받도록 되어있음	0.0	0.029188116467912705	1.3934216042046181	0.06291095190636367	21.85018036738508	0.9865037559989562
18	19	국내소비자를 대하는 현기짜의 트기...정씨가문의  3세가 바통을 이어받았다는데  소비자를  알로  보는건 바뀌지 않은것 같네, ..그놈이 그놈...	0.0	0.0	1.414213562373094	0.06425459052559744	22.009533494882522	1.0000000000000098
28	29	차가 한번쯤고장이  나야 알수있다  얼마나웃긴 현대차 인지벽에다 대고 얘기  하는 기분  사는사람이 잘못이다는  현대차 사람들  욕나온다	0.0	0.013473243378022326	1.4046542326294944	0.0643113542773978	21.751913408977085	0.9958998997477864
22	23	최대한 A/S비용은 줄이고...무상수리기간 끝나면 유상수리 하라는   큰 그림!!!   고쳐서  타던지 말던지...고객은 관심도 없는 현대	0.0	0.0	1.414213562373094	0.06462755507709955	21.882516841089917	1.0000000000000095
30	31	저도 오늘 전화로 문의하니 경고등 들어오면 와서 수리하라는 답변 받았어요  그런데 너무 찝찝하네요  ㅠㅠ	0.0	0.008831734786966498	1.4079547330884132	0.06481625890485065	21.63269399200847	0.9958773969385644
27	28	엔진가지고도 장난질 했지!세타엔진 가지고 장난친 현기차 꼭 망해라디지라 디지라 현기차 쓰레기들아.절때 다신 안산다	0.0	0.0	1.414213562373094	0.06574822102532177	21.50953349488251	1.0000000000000093
25	26	ㅅ ㅂ.  흉기차가 싫어도 돈이 없다 보니 기아차 구매했는데, 기아차는 어떨지 모르겠네. 회장이 동일인이니.	0.0	0.0	1.414213562373094	0.06585813510974589	21.47363511002026	1.0000000000000027
31	32	기자가 문의해도 저란데..일반이라면 어떻게 대응할지 뻔하지..후속 기사 요청 합니다.	0.0	0.010323864646429662	1.4068945485384243	0.06610698748274411	21.19255258246975	0.9957930462891872
33	34	어째 좃선에서 이런기사 내나 했더니....지 차가 걸린 문제 였구만... ㅋㅋㅋ	0.0	0.0034428001932036685	1.4117770360838109	0.06673417422550192	21.125395698825944	0.9985895797389969
32	33	반나절이면 지구 반대편 세상속도 금방 아는 세상에서 사기를 잘도 치는구만	0.0	0.0	1.414213562373094	0.06679700437606229	21.171811155050897	0.9999999999999959
12	13	이런데도 대한항공 아시아나 독점체제를 만드는 현기를 만든 핵대중의 전라공산당	0.0	0.003639547395421469	1.4116376678203066	0.06724529017152978	20.962527111250836	0.9985786370387795
37	38	이런데도 돈주고 흉기를산다고? 대깨문들이 전월세 쫒겨나면서 문재인 지지하는거랑 뭐가틀려	0.0	0.0	1.414213562373094	0.06731294451243149	21.009533494882504	0.999999999999996
23	24	2009년식 nf소나타인데  통지문도오고abs  vdc경고등이켜져서 블루핸즈갔더니리콜이 아니라고하네요가자수리하라고하네요수리비만 120만원이거뭐  장난치는거아닌가요	0.0	0.0	1.414213562373094	0.06786717703271561	20.8379606196287	0.9999999999999963
16	17	정의선체제 들어와서 현기가 더 배짱으로 가는거같아...이러면 다신 안사지...	0.0	0.0	1.414213562373094	0.06786717703271561	20.83796061962869	0.9999999999999967
21	22	베타테스터께 드리는 푸짐한 선물이라 생각하고 받으시죵~호갱님~	0.0	0.00416151174280734	1.411267861362393	0.06838649463316024	20.606807944023988	0.9985541366400296
36	37	그건요~~~현X기X자동차 그룹 계열사가 국토부니까 그렇죠~~~~ㅋㅋㅋ	0.0	0.0	1.4142135623730938	0.06846739590663568	20.655284805947073	0.9999999999999895
10	11	흉기를 누가 이김? 정권붕괴되도 흉기는 살아남을 기업임.	0.0	0.0	1.4142135623730938	0.06846739590663568	20.65528480594709	0.9999999999999919
20	21	생명과 관계된 부품인데.. 교체 해 줘야지... ㅠㅠ	0.0	0.0	1.414213562373094	0.06912419747241337	20.45902323766568	1.0000000000000047
26	27	저도 이 안내문받았어요...센터를 가야되나. 말아야되나 고민되네요ㅡㅡ	0.0	0.0	1.414213562373094	0.06912419747241337	20.459023237665686	1.0000000000000047
34	35	현기아차는 원래 그렇게 타는거야. 그냥 타라	0.0	0.0	1.414213562373094	0.06912419747241337	20.45902323766565	1.0000000000000047
17	18	현대차 주식 매도해야겠네...망할 징조.....	0.0	0.010004154833365248	1.407121775232433	0.06957427950189703	20.165045904550414	0.9970484180020724
6	7	자국민을  호구로여기는 대표적인 악덕저질기업.불매운동이답이다	0.0	0.0	1.414213562373094	0.06985287961448186	20.245601472382294	0.9999999999999967
1	2	현대차가 현대차 했네... ㅋㅋㅋ	0.0	0.011341400558827876	1.4061711129454866	0.07035297918557332	19.927676260643832	0.9970133650699352
11	12	현대차 하는게 저 수준이지 머 ㅋㅋ	0.0	0.011341400558827876	1.4061711129454866	0.07035297918557332	19.927676260643832	0.9970133650699352
4	5	좋은 기사입니다소비자의 입장에서 잘 말씀해주셨습니다	0.0	0.005668853462015332	1.4101993806111128	0.07055386613048643	19.957718659712043	0.9985071827056272
24	25	저희도100만원가까이 수리한뒤한달안에 통보문이왔길래발뺌하려고보낸거아닌가싶어너무어이없었어요~서비스센터측에선비슷한사례가많다고하던데용기내어올려주심에응원드립니다	0.0	0.0	1.414213562373094	0.070676988183397	20.009533494882493	1.0000000000000089
3	4	현기차는 대표적인 정경유착 기업이지	1.0	0.0	1.414213562373094	0.070676988183397	20.00953349488248	1.0000000000000089
19	20	현대차 브래이크는 사람잡는다....	0.0	0.013414549197433337	1.4046960175088195	0.07123918536232916	19.658329731895247	0.9969725678926055
7	8	그래, 우린 호구였어.	0.0	0.0	1.414213562373094	0.07163627501757736	19.74158430245135	1.0000000000000102
14	15	그랜저도비슷한통지문받은적있는데.이것도저것도아니게햇갈리게보내왔더군요.도데체뭐하란건지.	0.0	0.0	1.414213562373094	0.07163627501757736	19.741584302451365	1.0000000000000102
9	10	좋은기사 입니다~^^	0.0	0.008649054544710788	1.408084475772166	0.07258174798584088	19.37014245716905	0.9984619690555733
38	39	역시 현대	0.0	0.0	1.414213562373094	0.07280848325528555	19.42374705725558	0.9999999999999988
